filename, Brown - G1, Brown - G2, Brown - G3, Brown - G4, Insect-damaged, Mouldy, Partly Purple - G1, Partly Purple - G2, Partly Purple - G3, Partly Purple - G4, Total Purple - G2, Total Purple - G3, Very Dark Brown - G1, Very Dark Brown - G2, Very Dark Brown - G3
Batch-2_RAFAEL_3_JPG.rf.0550e14caca4388c2664c9e46de5596e.jpg, 1, 1, 1, 1, 1, 1, 1, 1, 1, 1, 1, 1, 1, 1, 1
batch-3_tejada-5-_jpg.rf.046259c859e5ee4f8cbb272f07f0daf4.jpg, 1, 1, 1, 1, 1, 1, 1, 1, 0, 0, 1, 1, 1, 1, 1
1st_maxbright_zoomed_jpg.rf.18da9600ca28e26d379dc378385303d2.jpg, 1, 1, 1, 0, 1, 1, 1, 1, 1, 0, 1, 1, 1, 1, 1
batch-2_tejada-17-_jpg.rf.1bb74fc83c4f89332564e2065341dc41.jpg, 1, 1, 1, 1, 1, 1, 1, 1, 1, 1, 1, 1, 1, 1, 1
3rd_maxbright_jpg.rf.10146d5ff88aecacf60767f84e1b6531.jpg, 1, 1, 1, 1, 1, 1, 1, 1, 0, 0, 1, 1, 1, 1, 1
batch-3_tejada-10-_jpg.rf.10298d2aa7515f868704c1bbd8c57137.jpg, 1, 1, 1, 1, 1, 1, 1, 1, 0, 0, 1, 1, 1, 1, 1
batch-2_tejada-2-_jpg.rf.15fcae4d7196ee0d4cfe556886a85806.jpg, 1, 1, 1, 1, 1, 1, 1, 1, 1, 1, 0, 1, 1, 1, 1
batch-1_tejada-10-_jpg.rf.00d608196d4e478986fd83b92ae3fa79.jpg, 1, 1, 1, 0, 1, 1, 1, 1, 1, 0, 1, 1, 1, 1, 1
Batch_1_Fj_0_jpg.rf.0868da22c7bfc066a456b55f9c6e18f5.jpg, 1, 1, 1, 0, 1, 1, 1, 1, 1, 0, 1, 1, 1, 1, 1
batch-3_tejada-7-_jpg.rf.0ed61673d259f1bb4a951401b15274e8.jpg, 1, 1, 1, 1, 1, 1, 1, 1, 0, 0, 1, 1, 1, 1, 1
batch-1_tejada-2-_jpg.rf.0e3a0047814fc75fe7078dba8095b98d.jpg, 1, 1, 1, 0, 1, 1, 1, 1, 1, 0, 1, 1, 0, 1, 1
Batch-2_RAFAEL_4_JPG.rf.0543d9055cf3cedd9e4788fa3bc60767.jpg, 1, 1, 1, 1, 1, 1, 1, 1, 1, 1, 0, 1, 1, 1, 1
Batch-Missing-5_RAFAEL_2_JPG.rf.0f91f94241481fd0dc308f5db104b896.jpg, 1, 1, 1, 0, 1, 1, 1, 1, 1, 0, 1, 1, 1, 1, 1
Batch-1_RAFAEL_2_JPG.rf.016f6e8bcd2582970a2893db94e8db84.jpg, 1, 1, 1, 0, 1, 1, 1, 1, 1, 0, 1, 1, 1, 1, 1
batch-1_tejada-10-_jpg.rf.14b527ca386d42b204277bdc5a7f2515.jpg, 1, 1, 1, 0, 1, 1, 1, 1, 1, 0, 1, 1, 1, 1, 1
nilagyan-ng-kulang_tejada-1-_jpg.rf.113c10f73aa8d9a3b390d6d15424188d.jpg, 1, 1, 1, 0, 1, 1, 1, 1, 1, 0, 1, 1, 1, 1, 1
Batch_2_Fj_1_jpg.rf.1a799af6862f8861b2173770ab099ed3.jpg, 1, 1, 1, 1, 1, 1, 1, 1, 1, 1, 0, 1, 1, 1, 1
batch-3_tejada-8-_jpg.rf.0fd53e87c8028877671ab1cbf8e34589.jpg, 1, 1, 1, 1, 1, 1, 1, 1, 0, 0, 1, 1, 1, 1, 1
3rd_maxbright_zoomed_jpg.rf.06f821604e16f026a256ce88397ba918.jpg, 1, 1, 1, 1, 1, 1, 1, 1, 0, 0, 1, 1, 1, 1, 1
batch-2_tejada-11-_jpg.rf.0b43f946651e1333dc2ca1e4b8806d14.jpg, 1, 1, 1, 1, 1, 1, 1, 1, 1, 1, 0, 1, 1, 1, 1
batch-2_tejada-18-_jpg.rf.05ab5231c69a0e92adadb48243086ccf.jpg, 1, 1, 1, 1, 1, 1, 1, 1, 1, 1, 0, 1, 1, 1, 1
nilagyan-ng-kulang_tejada-2-_jpg.rf.12a379fcd3bd140b0502c7c2198482b0.jpg, 1, 1, 1, 0, 1, 1, 1, 1, 1, 0, 1, 1, 1, 1, 1
2nd_maxbright_jpg.rf.17e36f51e97f15b662c633e656be4d86.jpg, 1, 1, 1, 1, 1, 1, 1, 1, 1, 1, 0, 1, 1, 1, 1
Batch-1_RAFAEL_1_JPG.rf.0c6fe947027f86fa5094b34ad2f224b0.jpg, 1, 1, 1, 0, 1, 1, 1, 1, 1, 0, 1, 1, 1, 1, 1
Batch_3_Fj_3_jpg.rf.07c030c9ccddb17399890f2f0966870e.jpg, 1, 1, 1, 1, 1, 1, 1, 1, 0, 0, 1, 1, 1, 1, 1
Batch_1_Fj_1_jpg.rf.1da93ba49bb3ae214820eba096f47880.jpg, 1, 1, 1, 0, 1, 1, 1, 1, 1, 0, 1, 1, 1, 1, 1
Batch_1_Fj_7_jpg.rf.1e0e92f8e8586e7f4c11ff5902926a54.jpg, 1, 1, 1, 0, 1, 1, 1, 1, 1, 0, 1, 1, 1, 1, 1
batch-2_tejada-15-_jpg.rf.264ed5dae8e85bfd1f97fca5f1c83b2f.jpg, 1, 1, 1, 1, 1, 1, 1, 1, 1, 1, 1, 1, 1, 1, 1
batch-2_tejada-11-_jpg.rf.1d71944bd7569a108f48a9e677f2da94.jpg, 1, 1, 1, 1, 1, 1, 1, 1, 1, 1, 0, 1, 1, 1, 1
nilagyan-ng-kulang_tejada-1-_jpg.rf.1ea60aaf42b43a181860f0f0ff1b5616.jpg, 1, 1, 1, 0, 1, 1, 1, 1, 1, 0, 1, 1, 1, 1, 1
Batch_2_Fj_0_jpg.rf.1fe3730e01414c207520d19d857f3d7c.jpg, 1, 1, 1, 1, 1, 1, 1, 1, 1, 1, 0, 1, 1, 1, 1
Batch_1_Fj_5_jpg.rf.217b1ade801a7842967e5114b3e72fba.jpg, 1, 1, 1, 0, 1, 1, 1, 1, 1, 0, 1, 1, 1, 1, 1
batch-1_tejada-7-_jpg.rf.20c3a3707d52f5a80bc9a5ccc4480aa4.jpg, 1, 1, 1, 0, 1, 1, 1, 1, 1, 0, 1, 1, 1, 1, 1
Batch-2_RAFAEL_3_JPG.rf.1d96d167f2026f50e9dbb2faef17ccd4.jpg, 1, 1, 1, 1, 1, 1, 1, 1, 1, 1, 1, 1, 1, 1, 1
3rd_maxbright_zoomed_jpg.rf.21eeebafdc12b8a7c855f067e0ea8c59.jpg, 1, 1, 1, 1, 1, 1, 1, 1, 0, 0, 1, 1, 1, 1, 1
batch-2_tejada-15-_jpg.rf.2bee59d9998c41fd1ff76df8de54a6c8.jpg, 1, 1, 1, 1, 1, 1, 1, 1, 1, 1, 1, 1, 1, 1, 1
Batch_1_Fj_0_jpg.rf.3239f58a4cad26f0a73ffbde867ce7ed.jpg, 1, 1, 1, 0, 1, 1, 1, 1, 1, 0, 1, 1, 1, 1, 1
Batch_2_Fj_1_jpg.rf.288686ab6d0f5e2fd03959b476d176fe.jpg, 1, 1, 1, 1, 1, 1, 1, 1, 1, 1, 0, 1, 1, 1, 1
batch-3_tejada-1-_jpg.rf.2fadacb815e416809c3214435f1ecf3a.jpg, 1, 1, 1, 1, 1, 1, 1, 1, 0, 0, 1, 1, 1, 1, 1
batch-3_tejada-9-_jpg.rf.232e255786e97b4d3115ddb4514c857c.jpg, 1, 1, 1, 1, 1, 1, 1, 1, 0, 0, 1, 1, 1, 1, 1
Batch-Missing-5_RAFAEL_4_JPG.rf.24a174d796eab4308bac6a36d490ebce.jpg, 1, 1, 1, 0, 1, 1, 1, 1, 1, 0, 1, 1, 1, 1, 1
1st_maxbright_jpg.rf.2b2ba726b08a5fa0b90e87834ee89c02.jpg, 1, 1, 1, 0, 1, 1, 1, 1, 1, 0, 1, 1, 1, 1, 1
Batch-Missing-5_RAFAEL_1_JPG.rf.27b89061ecfb37e1d13fbdc30e204d83.jpg, 1, 1, 1, 0, 1, 1, 1, 1, 1, 0, 1, 1, 1, 1, 1
3rd_minbright_zoomed_jpg.rf.257a2ef5bd17bee97ae0f70d287d149e.jpg, 1, 1, 1, 1, 1, 1, 1, 1, 0, 0, 1, 1, 1, 1, 1
batch-3_tejada-5-_jpg.rf.2d324796ea2f289fea439a58260595c1.jpg, 1, 1, 1, 1, 1, 1, 1, 1, 0, 0, 1, 1, 1, 1, 1
Batch_1_Fj_6_jpg.rf.278da8184b4be9800ef0d1f240c2b037.jpg, 1, 1, 1, 0, 1, 1, 1, 1, 1, 0, 1, 1, 1, 1, 1
Batch-Missing-5_RAFAEL_2_JPG.rf.316f827917bf390aa77c8446137f3ddb.jpg, 1, 1, 1, 0, 1, 1, 1, 1, 1, 0, 1, 1, 1, 1, 1
Batch-Missing-5_RAFAEL_3_JPG.rf.2cdaf18d3d68f76086bd2d71257ad7bf.jpg, 1, 1, 1, 0, 1, 1, 1, 1, 1, 0, 1, 1, 1, 1, 1
batch-2_tejada-14-_jpg.rf.31701cdb6d909ac8ec81463e4ec73a58.jpg, 1, 1, 1, 1, 1, 1, 1, 1, 1, 1, 0, 1, 1, 1, 1
batch-3_tejada-6-_jpg.rf.1fb6e4487f03372cedb5cfae5edb405b.jpg, 1, 1, 1, 1, 1, 1, 1, 1, 0, 0, 1, 1, 1, 1, 1
batch-2_tejada-16-_jpg.rf.39363cb6e56461f2ddf163f720a79778.jpg, 1, 1, 1, 1, 1, 1, 1, 1, 1, 1, 1, 1, 1, 1, 1
batch-2_tejada-13-_jpg.rf.3b9de329843ffad906e95357dd3f13c3.jpg, 1, 1, 1, 1, 1, 1, 1, 1, 1, 1, 1, 1, 1, 1, 1
Batch_3_Fj_4_jpg.rf.3d066e8dd485591f38490c09c279ec46.jpg, 1, 1, 1, 1, 1, 1, 1, 1, 0, 0, 1, 1, 1, 1, 1
1st_maxbright_jpg.rf.3e72d8517d469967ee06e1fca85c93bf.jpg, 1, 1, 1, 0, 1, 1, 1, 1, 1, 0, 1, 1, 1, 1, 1
Batch_1_Fj_6_jpg.rf.3cab595323becbffd7646ee894b5c915.jpg, 1, 1, 1, 0, 1, 1, 1, 1, 1, 0, 1, 1, 1, 1, 1
1st_minbright_zoomed_jpg.rf.45366a2b9a7ac66ff4f5a404d41cae71.jpg, 1, 1, 1, 0, 1, 1, 1, 1, 1, 0, 1, 1, 1, 1, 1
nilagyan-ng-kulang_tejada-2-_jpg.rf.363d84629c94db29f695886b5e5b274f.jpg, 1, 1, 1, 0, 1, 1, 1, 1, 1, 0, 1, 1, 1, 1, 1
batch-1_tejada-9-_jpg.rf.406b483d2a77df4cede0687f21b1bc20.jpg, 1, 1, 1, 0, 1, 1, 1, 1, 1, 0, 1, 1, 1, 1, 1
Batch-2_RAFAEL_5_JPG.rf.3a74b4ac649a78df4eefd03115dbe5b5.jpg, 1, 1, 1, 1, 1, 1, 1, 1, 1, 1, 0, 1, 1, 1, 1
Batch-2_RAFAEL_3_JPG.rf.45d75d0c4c781c85e6f01b6d569ef5ae.jpg, 1, 1, 1, 1, 1, 1, 1, 1, 1, 1, 1, 1, 1, 1, 1
Batch-Missing-5_RAFAEL_4_JPG.rf.3c1301de512860f82858ca053c0f7853.jpg, 1, 1, 1, 0, 1, 1, 1, 1, 1, 0, 1, 1, 1, 1, 1
Batch-Missing-5_RAFAEL_1_JPG.rf.3380d281f5afc2faec5225f519dfce6e.jpg, 1, 1, 1, 0, 1, 1, 1, 1, 1, 0, 1, 1, 1, 1, 1
batch-2_tejada-18-_jpg.rf.42e8fe61607a311fe5625300f4818264.jpg, 1, 1, 1, 1, 1, 1, 1, 1, 1, 1, 0, 1, 1, 1, 1
Batch_2_Fj_2_jpg.rf.3a801b234c826729f7d0f5b46865218c.jpg, 1, 1, 1, 1, 1, 1, 1, 1, 1, 1, 0, 1, 1, 1, 1
Batch-2_RAFAEL_2_JPG.rf.42eaad9589532b8e02b0f1c9ec19b7f8.jpg, 1, 1, 1, 1, 1, 1, 1, 1, 1, 1, 0, 1, 1, 1, 1
batch-3_tejada-3-_jpg.rf.40c07d53f0fa0a29050fd0373d005fb3.jpg, 1, 1, 1, 1, 1, 1, 1, 1, 0, 0, 1, 1, 1, 1, 1
batch-1_tejada-5-_jpg.rf.496edbf09b0af73b5ff612300b342fee.jpg, 1, 1, 1, 0, 1, 1, 1, 1, 1, 0, 1, 1, 0, 1, 1
batch-2_tejada-12-_jpg.rf.397e377ed3468e4f43fbbb9c4b0e6c6c.jpg, 1, 1, 1, 1, 1, 1, 1, 1, 1, 1, 0, 1, 1, 1, 1
batch-2_tejada-4-_jpg.rf.44c1f9ae84681f9821924cbadc392907.jpg, 1, 1, 1, 1, 1, 1, 1, 1, 1, 1, 1, 1, 1, 1, 1
batch-3_tejada-2-_jpg.rf.40fd2e4c5b62809c807075224c22fbfb.jpg, 1, 1, 1, 1, 1, 1, 1, 1, 0, 0, 1, 1, 1, 1, 1
batch-3_tejada-2-_jpg.rf.44c543b565a9ccd9a4d7ac04aca5bbe9.jpg, 1, 1, 1, 1, 1, 1, 1, 1, 0, 0, 1, 1, 1, 1, 1
2nd_maxbright_zoomed_jpg.rf.4900a0d8794b68f34580503318096f34.jpg, 1, 1, 1, 1, 1, 1, 1, 1, 1, 1, 0, 1, 1, 1, 1
Batch-1_RAFAEL_3_JPG.rf.4c7c296d068915f5f9e969804012b70a.jpg, 1, 1, 1, 0, 1, 1, 1, 1, 1, 0, 1, 1, 1, 1, 1
Batch-2_RAFAEL_4_JPG.rf.3f42c6e5e3f0602c90c6a5af6f3ee6a5.jpg, 1, 1, 1, 1, 1, 1, 1, 1, 1, 1, 0, 1, 1, 1, 1
Batch-3_RAFAEL_3_JPG.rf.45ee9f3219cb2976c8ab289b2961b908.jpg, 1, 1, 1, 1, 1, 1, 1, 1, 0, 0, 1, 1, 1, 1, 1
Batch_1_Fj_3_jpg.rf.4ee733d71464300e00ab121a428d3cc2.jpg, 1, 1, 1, 0, 1, 1, 1, 1, 1, 0, 1, 1, 1, 1, 1
batch-1_tejada-10-_jpg.rf.534d71e20b55a443272101a4bc6dd6eb.jpg, 1, 1, 1, 0, 1, 1, 1, 1, 1, 0, 1, 1, 1, 1, 1
Batch_3_Fj_2_jpg.rf.4cd7dbcb6c13191ed6c27a87ed085c72.jpg, 1, 1, 1, 1, 1, 1, 1, 1, 0, 0, 1, 1, 1, 1, 1
batch-3_tejada-9-_jpg.rf.58485c686406982a8944cb2136ea8969.jpg, 1, 1, 1, 1, 1, 1, 1, 1, 0, 0, 1, 1, 1, 1, 1
Batch_2_Fj_1_jpg.rf.52727d527047ceaf18d310d013872ab0.jpg, 1, 1, 1, 1, 1, 1, 1, 1, 1, 1, 0, 1, 1, 1, 1
Batch_3_Fj_1_jpg.rf.57a3bfabaa5b6895cfbaee9702f5f6bd.jpg, 1, 1, 1, 1, 1, 1, 1, 1, 0, 0, 1, 1, 1, 1, 1
Batch_2_Fj_3_jpg.rf.508b45e0607e7075bac2f82cbd4e6b44.jpg, 1, 1, 1, 1, 1, 1, 1, 1, 1, 1, 0, 1, 1, 1, 1
Batch_1_Fj_4_jpg.rf.54bae0b88fb394280679d8b133c7cb75.jpg, 1, 1, 1, 0, 1, 1, 1, 1, 1, 0, 1, 1, 1, 1, 1
batch-3_tejada-7-_jpg.rf.4dbbd16ad64c42f0f159962ad2e97f9e.jpg, 1, 1, 1, 1, 1, 1, 1, 1, 0, 0, 1, 1, 1, 1, 1
batch-1_tejada-9-_jpg.rf.59664a3bb2cfd6af58c6fae3ba2b2f6d.jpg, 1, 1, 1, 0, 1, 1, 1, 1, 1, 0, 1, 1, 1, 1, 1
3rd_minbright_jpg.rf.59edaa133baf526ab6a3fa1f4597b78f.jpg, 1, 1, 1, 1, 1, 1, 1, 1, 0, 0, 1, 1, 1, 1, 1
Batch_1_Fj_6_jpg.rf.5c967835f3c6cefb3011e1e8681f460c.jpg, 1, 1, 1, 0, 1, 1, 1, 1, 1, 0, 1, 1, 1, 1, 1
2nd_minbright_jpg.rf.576619babdf648e59ea8d2291b505d1f.jpg, 1, 1, 1, 1, 1, 1, 1, 1, 1, 1, 0, 1, 1, 1, 1
1st_maxbright_zoomed_jpg.rf.500942d7b2b6aea47330deac79778eeb.jpg, 1, 1, 1, 0, 1, 1, 1, 1, 1, 0, 1, 1, 1, 1, 1
1st_maxbright_zoomed_jpg.rf.5a8b0252c7e00aa201e7274b0d89c68d.jpg, 1, 1, 1, 0, 1, 1, 1, 1, 1, 0, 1, 1, 1, 1, 1
batch-3_tejada-2-_jpg.rf.5c94b5a52fee46e6555d588da03bc3c4.jpg, 1, 1, 1, 1, 1, 1, 1, 1, 0, 0, 1, 1, 1, 1, 1
Batch_2_Fj_0_jpg.rf.5ff4ffb0416ba39df9f0beeccd7d3437.jpg, 1, 1, 1, 1, 1, 1, 1, 1, 1, 1, 0, 1, 1, 1, 1
batch-2_tejada-9-_jpg.rf.52e52f15bd5714088c71c641f75773b8.jpg, 1, 1, 1, 1, 1, 1, 1, 1, 1, 1, 0, 1, 1, 1, 1
Batch-1_RAFAEL_2_JPG.rf.5d9b09c18410e2ab8555fae04a069e3f.jpg, 1, 1, 1, 0, 1, 1, 1, 1, 1, 0, 1, 1, 1, 1, 1
batch-2_tejada-4-_jpg.rf.58a6faf69d8a3b417896be8d7a347349.jpg, 1, 1, 1, 1, 1, 1, 1, 1, 1, 1, 1, 1, 1, 1, 1
batch-1_tejada-2-_jpg.rf.610fe60a8416662ad571366c3bcd655b.jpg, 1, 1, 1, 0, 1, 1, 1, 1, 1, 0, 1, 1, 0, 1, 1
Batch-2_RAFAEL_5_JPG.rf.5174b74016ba7c857b0acd50aff719ae.jpg, 1, 1, 1, 1, 1, 1, 1, 1, 1, 1, 0, 1, 1, 1, 1
batch-2_tejada-1-_jpg.rf.60c42c8a343efdfc0281814453a8bd08.jpg, 1, 1, 1, 1, 1, 1, 1, 1, 1, 1, 0, 1, 1, 1, 1
Batch-3_RAFAEL_5_JPG.rf.5d11e2feb9c4e21b730efb93a55681ac.jpg, 1, 1, 1, 1, 1, 1, 1, 1, 0, 0, 1, 1, 1, 1, 1
Batch_1_Fj_4_jpg.rf.50ee4707821f6c6c14d26d533706b258.jpg, 1, 1, 1, 0, 1, 1, 1, 1, 1, 0, 1, 1, 1, 1, 1
batch-2_tejada-16-_jpg.rf.6255a62fbea82992a4501f5cfab57bfb.jpg, 1, 1, 1, 1, 1, 1, 1, 1, 1, 1, 1, 1, 1, 1, 1
Batch_1_Fj_1_jpg.rf.633988cbad51ec5a10b87c164db82a5e.jpg, 1, 1, 1, 0, 1, 1, 1, 1, 1, 0, 1, 1, 1, 1, 1
batch-2_tejada-15-_jpg.rf.64431a8cfb63ff0a8c08c637168ad50b.jpg, 1, 1, 1, 1, 1, 1, 1, 1, 1, 1, 1, 1, 1, 1, 1
batch-2_tejada-9-_jpg.rf.61ced55a75b4e8f577e32fa5bafc2949.jpg, 1, 1, 1, 1, 1, 1, 1, 1, 1, 1, 0, 1, 1, 1, 1
Batch-3_RAFAEL_5_JPG.rf.64b8183db78aa28d1db4772b124e4a08.jpg, 1, 1, 1, 1, 1, 1, 1, 1, 0, 0, 1, 1, 1, 1, 1
Batch_3_Fj_4_jpg.rf.66648097648afe3f0b173758e12c7e18.jpg, 1, 1, 1, 1, 1, 1, 1, 1, 0, 0, 1, 1, 1, 1, 1
Batch_1_Fj_2_jpg.rf.63d3b392125722695ee166fb30fabd4e.jpg, 1, 1, 1, 0, 1, 1, 1, 1, 1, 0, 1, 1, 1, 1, 1
batch-2_tejada-3-_jpg.rf.6b719b3a11c33a93da201d37bfaffcc8.jpg, 1, 1, 1, 1, 1, 1, 1, 1, 1, 1, 0, 1, 1, 1, 1
batch-3_tejada-9-_jpg.rf.6991b937d2ce459a3786f8d2787a7c84.jpg, 1, 1, 1, 1, 1, 1, 1, 1, 0, 0, 1, 1, 1, 1, 1
3rd_minbright_jpg.rf.662a16a21cff19395bca2ec2986f66f8.jpg, 1, 1, 1, 1, 1, 1, 1, 1, 0, 0, 1, 1, 1, 1, 1
1st_minbright_zoomed_jpg.rf.6c205f2581d26406a02d1ca1ee114400.jpg, 1, 1, 1, 0, 1, 1, 1, 1, 1, 0, 1, 1, 1, 1, 1
1st_minbright_zoomed_jpg.rf.70ed5bbd9539d09f2dc7f984d986ab36.jpg, 1, 1, 1, 0, 1, 1, 1, 1, 1, 0, 1, 1, 1, 1, 1
Batch-1_RAFAEL_3_JPG.rf.6e833b346fc9d23c7e1c88b43dfe6d7b.jpg, 1, 1, 1, 0, 1, 1, 1, 1, 1, 0, 1, 1, 1, 1, 1
batch-3_tejada-6-_jpg.rf.70322a4fd0a605de26333f87f878af2a.jpg, 1, 1, 1, 1, 1, 1, 1, 1, 0, 0, 1, 1, 1, 1, 1
batch-3_tejada-4-_jpg.rf.6e1970ba32ea4d9e0243076fc3dabf44.jpg, 1, 1, 1, 1, 1, 1, 1, 1, 0, 0, 1, 1, 1, 1, 1
Batch-Missing-5_RAFAEL_3_JPG.rf.6a1c68267f8cea0f6553e347a0969e2f.jpg, 1, 1, 1, 0, 1, 1, 1, 1, 1, 0, 1, 1, 1, 1, 1
batch-2_tejada-12-_jpg.rf.71c32891398c0df9311f6bf223ec6906.jpg, 1, 1, 1, 1, 1, 1, 1, 1, 1, 1, 0, 1, 1, 1, 1
Batch-3_RAFAEL_4_JPG.rf.6831dbb445f16871bfde1e29f795662c.jpg, 1, 1, 1, 1, 1, 1, 1, 1, 0, 0, 1, 1, 1, 1, 1
batch-3_tejada-6-_jpg.rf.6c006202f0428ddd8dddecdcbb18fca3.jpg, 1, 1, 1, 1, 1, 1, 1, 1, 0, 0, 1, 1, 1, 1, 1
batch-1_tejada-7-_jpg.rf.713b00a26da7d539d3ef56428ed3bba0.jpg, 1, 1, 1, 0, 1, 1, 1, 1, 1, 0, 1, 1, 1, 1, 1
Batch_3_Fj_1_jpg.rf.71c37a3f1692c13f22b37e9902ca0043.jpg, 1, 1, 1, 1, 1, 1, 1, 1, 0, 0, 1, 1, 1, 1, 1
2nd_maxbright_jpg.rf.6e94463ab3c7e291a4ba27400bde2a3c.jpg, 1, 1, 1, 1, 1, 1, 1, 1, 1, 1, 0, 1, 1, 1, 1
Batch-3_RAFAEL_3_JPG.rf.6c5fd6afbc6137ecc1b515ad18986f57.jpg, 1, 1, 1, 1, 1, 1, 1, 1, 0, 0, 1, 1, 1, 1, 1
batch-1_tejada-7-_jpg.rf.748b6e4374038637337a2f7d5ff0184e.jpg, 1, 1, 1, 0, 1, 1, 1, 1, 1, 0, 1, 1, 1, 1, 1
Batch_2_Fj_3_jpg.rf.730f8862bd688c0f343aa75e435360c6.jpg, 1, 1, 1, 1, 1, 1, 1, 1, 1, 1, 0, 1, 1, 1, 1
Batch-3_RAFAEL_3_JPG.rf.7de94b35fe4b34e0ddb1d16b611598f7.jpg, 1, 1, 1, 1, 1, 1, 1, 1, 0, 0, 1, 1, 1, 1, 1
batch-1_tejada-2-_jpg.rf.7637efa9a074e45cd86b30c58fc9d5da.jpg, 1, 1, 1, 0, 1, 1, 1, 1, 1, 0, 1, 1, 0, 1, 1
Batch-Missing-5_RAFAEL_1_JPG.rf.7c24fc6a8b923afdbb0b9b92923f0288.jpg, 1, 1, 1, 0, 1, 1, 1, 1, 1, 0, 1, 1, 1, 1, 1
batch-2_tejada-5-_jpg.rf.7525e3a235a4115e7a9f641c1148b366.jpg, 1, 1, 1, 1, 1, 1, 1, 1, 1, 1, 1, 1, 1, 1, 1
batch-1_tejada-4-_jpg.rf.77f0d60c437d8bb4d10745e52d61a68e.jpg, 1, 1, 1, 0, 1, 1, 1, 1, 1, 0, 1, 1, 0, 1, 1
batch-3_tejada-7-_jpg.rf.760833c7ff2f0d2e7e10ad0abc9306d9.jpg, 1, 1, 1, 1, 1, 1, 1, 1, 0, 0, 1, 1, 1, 1, 1
batch-2_tejada-17-_jpg.rf.90870f61ae3aad8047479f0083793ebd.jpg, 1, 1, 1, 1, 1, 1, 1, 1, 1, 1, 1, 1, 1, 1, 1
2nd_maxbright_zoomed_jpg.rf.87b09aad0d9a4e8a291b7baffefbc927.jpg, 1, 1, 1, 1, 1, 1, 1, 1, 1, 1, 0, 1, 1, 1, 1
batch-2_tejada-7-_jpg.rf.8195204e42e94d829ac7c060de87a686.jpg, 1, 1, 1, 1, 1, 1, 1, 1, 1, 1, 1, 1, 1, 1, 1
2nd_maxbright_zoomed_jpg.rf.909fc7ffb94a57d5bfa9e79e518d9477.jpg, 1, 1, 1, 1, 1, 1, 1, 1, 1, 1, 0, 1, 1, 1, 1
Batch_1_Fj_5_jpg.rf.7b6d31e7d9770ad739a6a6d1a39163f0.jpg, 1, 1, 1, 0, 1, 1, 1, 1, 1, 0, 1, 1, 1, 1, 1
Batch-Missing-5_RAFAEL_4_JPG.rf.84a5c0879e50ca6a4c88dde3b323d343.jpg, 1, 1, 1, 0, 1, 1, 1, 1, 1, 0, 1, 1, 1, 1, 1
Batch_1_Fj_3_jpg.rf.87b41e8ae9e07c6d6a5685748961e375.jpg, 1, 1, 1, 0, 1, 1, 1, 1, 1, 0, 1, 1, 1, 1, 1
batch-2_tejada-18-_jpg.rf.86375ad04c3e26294e2bdf4962c5d47b.jpg, 1, 1, 1, 1, 1, 1, 1, 1, 1, 1, 0, 1, 1, 1, 1
batch-3_tejada-1-_jpg.rf.871977981912b6fa43c3a0ab6d321535.jpg, 1, 1, 1, 1, 1, 1, 1, 1, 0, 0, 1, 1, 1, 1, 1
batch-3_tejada-10-_jpg.rf.8767e0c1ecfdac50b41ea545d2c7354b.jpg, 1, 1, 1, 1, 1, 1, 1, 1, 0, 0, 1, 1, 1, 1, 1
batch-2_tejada-4-_jpg.rf.7f5d6d7c179d56406ba0f1cca8920729.jpg, 1, 1, 1, 1, 1, 1, 1, 1, 1, 1, 1, 1, 1, 1, 1
batch-2_tejada-5-_jpg.rf.94f8d86a6a29191e16bf8a56a1ed56f3.jpg, 1, 1, 1, 1, 1, 1, 1, 1, 1, 1, 1, 1, 1, 1, 1
Batch-2_RAFAEL_5_JPG.rf.97879aa3070dc5cb14d999375555d471.jpg, 1, 1, 1, 1, 1, 1, 1, 1, 1, 1, 0, 1, 1, 1, 1
3rd_maxbright_jpg.rf.904db00625401c50d871ac8f23fb89c1.jpg, 1, 1, 1, 1, 1, 1, 1, 1, 0, 0, 1, 1, 1, 1, 1
Batch-2_RAFAEL_2_JPG.rf.7ce66b1c1e9eeb4cd8e57093be8ce121.jpg, 1, 1, 1, 1, 1, 1, 1, 1, 1, 1, 0, 1, 1, 1, 1
batch-1_tejada-1-_jpg.rf.983124662bcf31fe7ef95e7e4be1f2b6.jpg, 1, 1, 1, 0, 1, 1, 1, 1, 1, 0, 1, 1, 0, 1, 1
3rd_minbright_zoomed_jpg.rf.96fb24d438ba86e206fb41c9ad8abebe.jpg, 1, 1, 1, 1, 1, 1, 1, 1, 0, 0, 1, 1, 1, 1, 1
batch-3_tejada-8-_jpg.rf.8bc6eb0bd1872a9f94c81d2c383c8a88.jpg, 1, 1, 1, 1, 1, 1, 1, 1, 0, 0, 1, 1, 1, 1, 1
Batch-3_RAFAEL_2_JPG.rf.80f7cc1053ecc4b4009a96533bb0e176.jpg, 1, 1, 1, 1, 1, 1, 1, 1, 0, 0, 1, 1, 1, 1, 1
Batch-Missing-5_RAFAEL_2_JPG.rf.9c442d4ef9843989f3d35e931c8ef3ff.jpg, 1, 1, 1, 0, 1, 1, 1, 1, 1, 0, 1, 1, 1, 1, 1
Batch_3_Fj_0_jpg.rf.9f7d7fc0a1e0513ae18a9bc0e4d84f4b.jpg, 1, 1, 1, 1, 1, 1, 1, 1, 0, 0, 1, 1, 1, 1, 1
batch-1_tejada-5-_jpg.rf.9dbcf04136751554aee1b6a1f1b808f1.jpg, 1, 1, 1, 0, 1, 1, 1, 1, 1, 0, 1, 1, 0, 1, 1
batch-2_tejada-7-_jpg.rf.acd4f7d8e9f492fce5d81eacaf5e4a9b.jpg, 1, 1, 1, 1, 1, 1, 1, 1, 1, 1, 1, 1, 1, 1, 1
batch-2_tejada-7-_jpg.rf.a05f521b1c07e7450120fdee3b019860.jpg, 1, 1, 1, 1, 1, 1, 1, 1, 1, 1, 1, 1, 1, 1, 1
batch-2_tejada-14-_jpg.rf.9fab7367a5ba1b8a85eb420c1c3d167c.jpg, 1, 1, 1, 1, 1, 1, 1, 1, 1, 1, 0, 1, 1, 1, 1
batch-2_tejada-1-_jpg.rf.9bcb498ebf878ef024e7f880a48ee49b.jpg, 1, 1, 1, 1, 1, 1, 1, 1, 1, 1, 0, 1, 1, 1, 1
Batch-Missing-3_RAFAEL_1_JPG.rf.9b08ad21d96c727a2570d04ac06fe24c.jpg, 1, 1, 1, 0, 1, 1, 1, 1, 1, 0, 1, 1, 1, 1, 1
Batch-3_RAFAEL_4_JPG.rf.a68284927d1cfb52a31b34d55be63f34.jpg, 1, 1, 1, 1, 1, 1, 1, 1, 0, 0, 1, 1, 1, 1, 1
nilagyan-ng-kulang_tejada-1-_jpg.rf.adebc06ecfbaa6876b01a6708b6a4263.jpg, 1, 1, 1, 0, 1, 1, 1, 1, 1, 0, 1, 1, 1, 1, 1
batch-1_tejada-9-_jpg.rf.a590aa4dfe903e1d2f7f873c9835f51d.jpg, 1, 1, 1, 0, 1, 1, 1, 1, 1, 0, 1, 1, 1, 1, 1
Batch_2_Fj_0_jpg.rf.a215d68028bb3cdea390b595ef2a27f1.jpg, 1, 1, 1, 1, 1, 1, 1, 1, 1, 1, 0, 1, 1, 1, 1
Batch_3_Fj_4_jpg.rf.a7efae7fc5ad3c66bcfafd9e66f4b53b.jpg, 1, 1, 1, 1, 1, 1, 1, 1, 0, 0, 1, 1, 1, 1, 1
Batch_1_Fj_2_jpg.rf.a132f912173e8f415779445f1cf3c36b.jpg, 1, 1, 1, 0, 1, 1, 1, 1, 1, 0, 1, 1, 1, 1, 1
batch-1_tejada-1-_jpg.rf.a8e66bb861f9288921667c4f3f9c85dd.jpg, 1, 1, 1, 0, 1, 1, 1, 1, 1, 0, 1, 1, 0, 1, 1
Batch_1_Fj_3_jpg.rf.a9bf17a8013f8c338c32416e07eb9e24.jpg, 1, 1, 1, 0, 1, 1, 1, 1, 1, 0, 1, 1, 1, 1, 1
1st_minbright_jpg.rf.a9c99c3ae517aa87eb40064b5b7090d3.jpg, 1, 1, 1, 0, 1, 1, 1, 1, 1, 0, 1, 1, 1, 1, 1
Batch_2_Fj_2_jpg.rf.ae9f351c084438840aa04fe0f98e88bb.jpg, 1, 1, 1, 1, 1, 1, 1, 1, 1, 1, 0, 1, 1, 1, 1
2nd_maxbright_jpg.rf.aee57f2ce12ba769917524cd98f484cf.jpg, 1, 1, 1, 1, 1, 1, 1, 1, 1, 1, 0, 1, 1, 1, 1
batch-2_tejada-3-_jpg.rf.a2af28e82f0934689f55937d460f5b9b.jpg, 1, 1, 1, 1, 1, 1, 1, 1, 1, 1, 0, 1, 1, 1, 1
1st_maxbright_jpg.rf.b191a77b616986f53c429b8183d22a5b.jpg, 1, 1, 1, 0, 1, 1, 1, 1, 1, 0, 1, 1, 1, 1, 1
Batch_1_Fj_7_jpg.rf.aab265b8344cc3d735e1d435d85e39c8.jpg, 1, 1, 1, 0, 1, 1, 1, 1, 1, 0, 1, 1, 1, 1, 1
batch-2_tejada-3-_jpg.rf.afc2f589a9eecc81d53488f4109a154e.jpg, 1, 1, 1, 1, 1, 1, 1, 1, 1, 1, 0, 1, 1, 1, 1
Batch-1_RAFAEL_1_JPG.rf.b0495fe4c7f51032bcd17a0c7a6eeb4d.jpg, 1, 1, 1, 0, 1, 1, 1, 1, 1, 0, 1, 1, 1, 1, 1
batch-3_tejada-3-_jpg.rf.b2ce19e14e8ad9cbdf1e65d9d70659e5.jpg, 1, 1, 1, 1, 1, 1, 1, 1, 0, 0, 1, 1, 1, 1, 1
Batch_3_Fj_3_jpg.rf.b1d88218f421d87154810224567c2713.jpg, 1, 1, 1, 1, 1, 1, 1, 1, 0, 0, 1, 1, 1, 1, 1
3rd_minbright_jpg.rf.b3e9a406786fbf3390feafcfc9dc3a8e.jpg, 1, 1, 1, 1, 1, 1, 1, 1, 0, 0, 1, 1, 1, 1, 1
Batch_1_Fj_4_jpg.rf.b46c131d8248580382e7413a829e0990.jpg, 1, 1, 1, 0, 1, 1, 1, 1, 1, 0, 1, 1, 1, 1, 1
batch-2_tejada-16-_jpg.rf.b9a2630f2f192a973424c6b376ea398a.jpg, 1, 1, 1, 1, 1, 1, 1, 1, 1, 1, 1, 1, 1, 1, 1
Batch_3_Fj_2_jpg.rf.ba877a0d84bb14ded012756c4982249b.jpg, 1, 1, 1, 1, 1, 1, 1, 1, 0, 0, 1, 1, 1, 1, 1
Batch_3_Fj_0_jpg.rf.b44650683f351461ac3faaa4951f0949.jpg, 1, 1, 1, 1, 1, 1, 1, 1, 0, 0, 1, 1, 1, 1, 1
3rd_maxbright_zoomed_jpg.rf.c4a7a5184380f4447fade37fe13a223f.jpg, 1, 1, 1, 1, 1, 1, 1, 1, 0, 0, 1, 1, 1, 1, 1
batch-3_tejada-8-_jpg.rf.b2fae0a7575d4f1a568a196a4e8f3420.jpg, 1, 1, 1, 1, 1, 1, 1, 1, 0, 0, 1, 1, 1, 1, 1
batch-1_tejada-4-_jpg.rf.bdb7c99b3f6c25b457dea6b81823243f.jpg, 1, 1, 1, 0, 1, 1, 1, 1, 1, 0, 1, 1, 0, 1, 1
batch-3_tejada-1-_jpg.rf.c786c0aeb374b4cde533229d68a03094.jpg, 1, 1, 1, 1, 1, 1, 1, 1, 0, 0, 1, 1, 1, 1, 1
batch-2_tejada-13-_jpg.rf.b8b738ecb66844748b37d79ec6a721f7.jpg, 1, 1, 1, 1, 1, 1, 1, 1, 1, 1, 1, 1, 1, 1, 1
Batch-Missing-3_RAFAEL_1_JPG.rf.c0a433402625a51833a66936be920860.jpg, 1, 1, 1, 0, 1, 1, 1, 1, 1, 0, 1, 1, 1, 1, 1
batch-3_tejada-4-_jpg.rf.c7c79a21f0467dce1c2b97e69ea49ca6.jpg, 1, 1, 1, 1, 1, 1, 1, 1, 0, 0, 1, 1, 1, 1, 1
Batch-2_RAFAEL_2_JPG.rf.cb57ddd6a4e35647072868c2aafb8f74.jpg, 1, 1, 1, 1, 1, 1, 1, 1, 1, 1, 0, 1, 1, 1, 1
batch-1_tejada-3-_jpg.rf.cbeceb16e7298fadf27243a912c33eba.jpg, 1, 1, 1, 0, 1, 1, 1, 1, 1, 0, 1, 1, 0, 1, 1
batch-3_tejada-10-_jpg.rf.c6ccd75f0a8ab57729309709baeaf610.jpg, 1, 1, 1, 1, 1, 1, 1, 1, 0, 0, 1, 1, 1, 1, 1
Batch_1_Fj_1_jpg.rf.c4053fb6a6ff1fe3eccc7df644403ac2.jpg, 1, 1, 1, 0, 1, 1, 1, 1, 1, 0, 1, 1, 1, 1, 1
Batch_3_Fj_0_jpg.rf.c2519ae02e2e57ed6add99835e2dc301.jpg, 1, 1, 1, 1, 1, 1, 1, 1, 0, 0, 1, 1, 1, 1, 1
Batch_1_Fj_7_jpg.rf.cb3a838584672c00e58a000dc4c11fbc.jpg, 1, 1, 1, 0, 1, 1, 1, 1, 1, 0, 1, 1, 1, 1, 1
Batch_2_Fj_3_jpg.rf.cc868028b58331818a513573819efcd1.jpg, 1, 1, 1, 1, 1, 1, 1, 1, 1, 1, 0, 1, 1, 1, 1
Batch-3_RAFAEL_5_JPG.rf.b39635e8995a39838fa3484171f2e575.jpg, 1, 1, 1, 1, 1, 1, 1, 1, 0, 0, 1, 1, 1, 1, 1
Batch-1_RAFAEL_1_JPG.rf.cbb854ed48c89674e84e231cebe569bb.jpg, 1, 1, 1, 0, 1, 1, 1, 1, 1, 0, 1, 1, 1, 1, 1
batch-3_tejada-5-_jpg.rf.be744740871bec5963b94a33407905ce.jpg, 1, 1, 1, 1, 1, 1, 1, 1, 0, 0, 1, 1, 1, 1, 1
batch-2_tejada-9-_jpg.rf.cb9c3635860d6229faad4ba23ea91445.jpg, 1, 1, 1, 1, 1, 1, 1, 1, 1, 1, 0, 1, 1, 1, 1
2nd_minbright_jpg.rf.cdafdb4c98bf361cf630947931ec0e62.jpg, 1, 1, 1, 1, 1, 1, 1, 1, 1, 1, 0, 1, 1, 1, 1
batch-3_tejada-4-_jpg.rf.c14acd35358ba656ce70d2b2017c1c2d.jpg, 1, 1, 1, 1, 1, 1, 1, 1, 0, 0, 1, 1, 1, 1, 1
Batch-2_RAFAEL_4_JPG.rf.cf71695485bc57bd790bbf6571fdb417.jpg, 1, 1, 1, 1, 1, 1, 1, 1, 1, 1, 0, 1, 1, 1, 1
3rd_maxbright_jpg.rf.cff5ea706cf7255e7e271fef760400c6.jpg, 1, 1, 1, 1, 1, 1, 1, 1, 0, 0, 1, 1, 1, 1, 1
Batch-3_RAFAEL_4_JPG.rf.cfbf537ddf4bd977e490b4165a8250a2.jpg, 1, 1, 1, 1, 1, 1, 1, 1, 0, 0, 1, 1, 1, 1, 1
2nd_minbright_jpg.rf.e9f8d33fb8adb4600579c55659b5d6de.jpg, 1, 1, 1, 1, 1, 1, 1, 1, 1, 1, 0, 1, 1, 1, 1
batch-1_tejada-4-_jpg.rf.d12a40098b07af19452013169e3f6d7a.jpg, 1, 1, 1, 0, 1, 1, 1, 1, 1, 0, 1, 1, 0, 1, 1
batch-3_tejada-3-_jpg.rf.da3d466b92519dd2327bf747aaf2d0c8.jpg, 1, 1, 1, 1, 1, 1, 1, 1, 0, 0, 1, 1, 1, 1, 1
Batch_3_Fj_3_jpg.rf.d99e5ece4db839579c9c6d53e750f98a.jpg, 1, 1, 1, 1, 1, 1, 1, 1, 0, 0, 1, 1, 1, 1, 1
batch-2_tejada-11-_jpg.rf.d144b46b9a477e683ae122be225b0554.jpg, 1, 1, 1, 1, 1, 1, 1, 1, 1, 1, 0, 1, 1, 1, 1
Batch-1_RAFAEL_2_JPG.rf.d64d71ace2f2f7f62e928d9dd899c862.jpg, 1, 1, 1, 0, 1, 1, 1, 1, 1, 0, 1, 1, 1, 1, 1
Batch-1_RAFAEL_3_JPG.rf.de684f3a9e4dfed00af2bce2e7212241.jpg, 1, 1, 1, 0, 1, 1, 1, 1, 1, 0, 1, 1, 1, 1, 1
Batch_2_Fj_2_jpg.rf.e2b8faf5884830947a675297320684ce.jpg, 1, 1, 1, 1, 1, 1, 1, 1, 1, 1, 0, 1, 1, 1, 1
batch-2_tejada-2-_jpg.rf.d6e9e25addb7b13adea49d23eba17a46.jpg, 1, 1, 1, 1, 1, 1, 1, 1, 1, 1, 0, 1, 1, 1, 1
batch-1_tejada-3-_jpg.rf.db0680311fe98b093b24427869492c62.jpg, 1, 1, 1, 0, 1, 1, 1, 1, 1, 0, 1, 1, 0, 1, 1
1st_minbright_jpg.rf.e367c72db56da5051551d1c8445a3909.jpg, 1, 1, 1, 0, 1, 1, 1, 1, 1, 0, 1, 1, 1, 1, 1
batch-2_tejada-13-_jpg.rf.e55c39ea07be0b7834b7414b13efb0b2.jpg, 1, 1, 1, 1, 1, 1, 1, 1, 1, 1, 1, 1, 1, 1, 1
3rd_minbright_zoomed_jpg.rf.e355d0a82728f7307cc5d4ab9e483c79.jpg, 1, 1, 1, 1, 1, 1, 1, 1, 0, 0, 1, 1, 1, 1, 1
batch-1_tejada-1-_jpg.rf.f0154afbe03362b5a98168e504d13264.jpg, 1, 1, 1, 0, 1, 1, 1, 1, 1, 0, 1, 1, 0, 1, 1
batch-2_tejada-12-_jpg.rf.e842497a60e8291da211c08c893a4401.jpg, 1, 1, 1, 1, 1, 1, 1, 1, 1, 1, 0, 1, 1, 1, 1
Batch_3_Fj_1_jpg.rf.ed8653636f8e18fcf95574c00bb85e47.jpg, 1, 1, 1, 1, 1, 1, 1, 1, 0, 0, 1, 1, 1, 1, 1
Batch-Missing-5_RAFAEL_3_JPG.rf.ee0aa6653f997c2c19ae4e8ec9c86e68.jpg, 1, 1, 1, 0, 1, 1, 1, 1, 1, 0, 1, 1, 1, 1, 1
Batch-3_RAFAEL_2_JPG.rf.ebb42ed9fa33b6b838152d98de81c813.jpg, 1, 1, 1, 1, 1, 1, 1, 1, 0, 0, 1, 1, 1, 1, 1
batch-1_tejada-5-_jpg.rf.edb39733e925f98ce8d57408c115cb69.jpg, 1, 1, 1, 0, 1, 1, 1, 1, 1, 0, 1, 1, 0, 1, 1
Batch_1_Fj_5_jpg.rf.ebd521ae241a35ba341247b1d7009250.jpg, 1, 1, 1, 0, 1, 1, 1, 1, 1, 0, 1, 1, 1, 1, 1
batch-2_tejada-5-_jpg.rf.e6834ed9c5d4ab3b852e8253184a17bc.jpg, 1, 1, 1, 1, 1, 1, 1, 1, 1, 1, 1, 1, 1, 1, 1
nilagyan-ng-kulang_tejada-2-_jpg.rf.efe6704bba043da1ece12b15f2bd2096.jpg, 1, 1, 1, 0, 1, 1, 1, 1, 1, 0, 1, 1, 1, 1, 1
Batch_3_Fj_2_jpg.rf.f24be047d3fba5d2d5ea940a28746be8.jpg, 1, 1, 1, 1, 1, 1, 1, 1, 0, 0, 1, 1, 1, 1, 1
1st_minbright_jpg.rf.fd4f9a09365430cff2801cfcfa31e75e.jpg, 1, 1, 1, 0, 1, 1, 1, 1, 1, 0, 1, 1, 1, 1, 1
batch-2_tejada-17-_jpg.rf.f8db2ddd9c768b0804fcb4de75bcc454.jpg, 1, 1, 1, 1, 1, 1, 1, 1, 1, 1, 1, 1, 1, 1, 1
batch-2_tejada-2-_jpg.rf.f93e00a60a2ab35ceaa426b9682d87d0.jpg, 1, 1, 1, 1, 1, 1, 1, 1, 1, 1, 0, 1, 1, 1, 1
Batch_1_Fj_0_jpg.rf.ff8fa94d401600db222e2be53689b3e2.jpg, 1, 1, 1, 0, 1, 1, 1, 1, 1, 0, 1, 1, 1, 1, 1
batch-2_tejada-1-_jpg.rf.f5167ab768cfb2193c70c6033fa4d905.jpg, 1, 1, 1, 1, 1, 1, 1, 1, 1, 1, 0, 1, 1, 1, 1
batch-2_tejada-14-_jpg.rf.f327b6d69e63cf65e0de4140719d29f2.jpg, 1, 1, 1, 1, 1, 1, 1, 1, 1, 1, 0, 1, 1, 1, 1
batch-1_tejada-3-_jpg.rf.fdedcd7cdc14190937b3f71ad4e53505.jpg, 1, 1, 1, 0, 1, 1, 1, 1, 1, 0, 1, 1, 0, 1, 1
Batch-3_RAFAEL_2_JPG.rf.fcfb3a2934a9390f38619dcc31e7208d.jpg, 1, 1, 1, 1, 1, 1, 1, 1, 0, 0, 1, 1, 1, 1, 1
Batch-Missing-3_RAFAEL_1_JPG.rf.f4b73751b2ef4a9b1188363f251cc878.jpg, 1, 1, 1, 0, 1, 1, 1, 1, 1, 0, 1, 1, 1, 1, 1
Batch_1_Fj_2_jpg.rf.fe6a9d10cd46f589ef80253708edde17.jpg, 1, 1, 1, 0, 1, 1, 1, 1, 1, 0, 1, 1, 1, 1, 1